<?xml version="1.0" encoding="UTF-8"?>
<metadata xmlns="http://www.demandware.com/xml/impex/metadata/2006-10-31">
    <custom-type type-id="StylaMagazineConfiguration">
        <display-name xml:lang="x-default">Styla Magazine Configuration</display-name>
        <description xml:lang="x-default">Each Custom Object represents one Magazine Configuration. Key_and_Sort_Order: Use this to give a descriptive name to the configuration. When the Styla cartridge searches for a matching configuration, it will go through the custom objects in order, alphabetically sorted by this attribute. A matching configuration is considered found if the request's path contains the Base Path of the configuration and if the request's locale matches the Allowed Locales attribute.</description>
        <staging-mode>source-to-target</staging-mode>
        <storage-scope>site</storage-scope>
        <key-definition attribute-id="Key_and_Sort_Order">
            <type>string</type>
            <min-length>0</min-length>
        </key-definition>
        <attribute-definitions>
            <attribute-definition attribute-id="basePath">
                <display-name xml:lang="x-default">Base Path</display-name>
                <description xml:lang="x-default">URL Path of the Styla Magazine. A matching configuration is considered found if the request's path contains the Base Path of the configuration and if the request's locale matches the Allowed Locales attribute.</description>
                <type>string</type>
                <localizable-flag>false</localizable-flag>
                <mandatory-flag>true</mandatory-flag>
                <externally-managed-flag>false</externally-managed-flag>
                <min-length>0</min-length>
            </attribute-definition>
            <attribute-definition attribute-id="categoryID">
                <display-name xml:lang="x-default">Category ID</display-name>
                <description xml:lang="x-default">Necessary when using the Search controller (or pipeline), which typically is app_storefront_controllers-Search-Show (or just Search-Show when using pipelines). Make sure this category has at least one product assigned to it, otherwise the category won't be part of the search result.</description>
                <type>string</type>
                <localizable-flag>false</localizable-flag>
                <mandatory-flag>false</mandatory-flag>
                <externally-managed-flag>false</externally-managed-flag>
                <min-length>0</min-length>
            </attribute-definition>
            <attribute-definition attribute-id="enabled">
                <display-name xml:lang="x-default">Enabled</display-name>
                <description xml:lang="x-default">Use this to disable a configuration without having to delete the custom object.</description>
                <type>boolean</type>
                <mandatory-flag>true</mandatory-flag>
                <externally-managed-flag>false</externally-managed-flag>
            </attribute-definition>
            <attribute-definition attribute-id="homepage">
                <display-name xml:lang="x-default">HomePage</display-name>
                <description xml:lang="x-default">Check this box and the Base Path will be ignored. The Magazine will show up on the homepage.</description>
                <type>boolean</type>
                <mandatory-flag>false</mandatory-flag>
                <externally-managed-flag>false</externally-managed-flag>
            </attribute-definition>
            <attribute-definition attribute-id="locales">
                <display-name xml:lang="x-default">Allowed Locales</display-name>
                <description xml:lang="x-default">A list of locale identifiers. A magazine configuration is only considered a match if the current request's path contains the Base Path of the configuration and if the request's locale is found in this list. Leave empty to allow all locales. Example entries: de_DE, fr_CH.</description>
                <type>set-of-string</type>
                <localizable-flag>false</localizable-flag>
                <mandatory-flag>false</mandatory-flag>
                <externally-managed-flag>false</externally-managed-flag>
            </attribute-definition>
            <attribute-definition attribute-id="pipeline">
                <display-name xml:lang="x-default">Controller Method</display-name>
                <description xml:lang="x-default">Specify the Magazine Controller Method in this format: cartridge-controller-method. E.g.: app_storefront_controllers-Home-Show. If your storefront code uses pipelines then you can specify a pipeline here, e.g. Home-Show. If you are using pipelines then the cartridge name can be omitted.</description>
                <type>string</type>
                <localizable-flag>false</localizable-flag>
                <mandatory-flag>true</mandatory-flag>
                <externally-managed-flag>false</externally-managed-flag>
                <min-length>0</min-length>
            </attribute-definition>
            <attribute-definition attribute-id="username">
                <display-name xml:lang="x-default">Username</display-name>
                <description xml:lang="x-default">Styla user name for this magazine.</description>
                <type>string</type>
                <localizable-flag>false</localizable-flag>
                <mandatory-flag>true</mandatory-flag>
                <externally-managed-flag>false</externally-managed-flag>
                <min-length>0</min-length>
            </attribute-definition>
        </attribute-definitions>
        <group-definitions>
            <attribute-group group-id="StylaMagazineConfigurationAttributes">
                <display-name xml:lang="x-default">Styla Magazine Configuration</display-name>
                <attribute attribute-id="Key_and_Sort_Order"/>
                <attribute attribute-id="enabled"/>
                <attribute attribute-id="username"/>
                <attribute attribute-id="basePath"/>
                <attribute attribute-id="pipeline"/>
                <attribute attribute-id="categoryID"/>
                <attribute attribute-id="locales"/>
                <attribute attribute-id="homepage"/>
            </attribute-group>
        </group-definitions>
    </custom-type>
</metadata>