<?xml version="1.0" encoding="UTF-8"?>
<metadata xmlns="http://www.demandware.com/xml/impex/metadata/2006-10-31">

    <type-extension type-id="SitePreferences">
        <custom-attribute-definitions>
            <attribute-definition attribute-id="stylaEnabled">
                <display-name xml:lang="x-default">Styla Enabled</display-name>
                <description xml:lang="x-default">Determines whether the Styla integration is active for this site or not.</description>
                <type>boolean</type>
                <mandatory-flag>false</mandatory-flag>
                <externally-managed-flag>false</externally-managed-flag>
                <default-value>false</default-value>
            </attribute-definition>
            <attribute-definition attribute-id="stylaCdnBaseUrl">
                <display-name xml:lang="x-default">CDN Base URL</display-name>
                <description xml:lang="x-default">Base URL to Styla CDN from where client-side JavaScript is loaded. The placeholder {USER} will be replaced with the Username attribute value of the respective magazine configuration. {VERSION} will be replaced with the response from the Version Service call.</description>
                <type>string</type>
                <mandatory-flag>false</mandatory-flag>
                <externally-managed-flag>false</externally-managed-flag>
                <min-length>0</min-length>
                <default-value>//client-scripts.styla.com/scripts/clients/{USER}.js</default-value>
            </attribute-definition>
            <attribute-definition attribute-id="stylaCssBaseUrl">
                <display-name xml:lang="x-default">CSS Base URL</display-name>
                <description xml:lang="x-default">Base URL of Styla Magazine CSS. The placeholder {USER} will be replaced with the Username site preference value of the respective magazine configuration. {VERSION} will be replaced with the response from the Version Service call.</description>
                <type>string</type>
                <mandatory-flag>false</mandatory-flag>
                <externally-managed-flag>false</externally-managed-flag>
                <min-length>0</min-length>
                <default-value>//client-scripts.styla.com/styles/clients/{USER}.css</default-value>
            </attribute-definition>
            <attribute-definition attribute-id="stylaSeoCachingTTL">
                <display-name xml:lang="x-default">SEO Caching TTL</display-name>
                <description xml:lang="x-default">Caching Time for SEO Content in Minutes</description>
                <type>int</type>
                <mandatory-flag>false</mandatory-flag>
                <externally-managed-flag>false</externally-managed-flag>
                <unit xml:lang="x-default">Minutes</unit>
                <default-value>60</default-value>
            </attribute-definition>
            <attribute-definition attribute-id="stylaSeoDisabled">
                <display-name xml:lang="x-default">SEO Disabled</display-name>
                <description xml:lang="x-default">Do not embed SEO content into page</description>
                <type>boolean</type>
                <mandatory-flag>false</mandatory-flag>
                <externally-managed-flag>false</externally-managed-flag>
                <default-value>false</default-value>
            </attribute-definition>
        </custom-attribute-definitions>
        <group-definitions>
            <attribute-group group-id="StylaMagazine">
                <display-name xml:lang="x-default">Styla Magazine</display-name>
                <attribute attribute-id="stylaEnabled"/>
                <attribute attribute-id="stylaSeoDisabled"/>
                <attribute attribute-id="stylaSeoCachingTTL"/>
                <attribute attribute-id="stylaCdnBaseUrl"/>
                <attribute attribute-id="stylaCssBaseUrl"/>
            </attribute-group>
        </group-definitions>
    </type-extension>
</metadata>