<?xml version="1.0" encoding="UTF-8"?>
<services xmlns="http://www.demandware.com/xml/impex/services/2014-09-26">
    <service-credential service-credential-id="StylaSeoContentCredentials">
        <url>http://seo.styla.com/clients/</url>
        <user-id/>
    </service-credential>

    <service-credential service-credential-id="StylaVersionCredentials">
        <url>live.styla.com/api/version/</url>
        <user-id/>
    </service-credential>

    <service-profile service-profile-id="StylaSeoContentProfile">
        <timeout-millis>10000</timeout-millis>
        <rate-limit-enabled>false</rate-limit-enabled>
        <rate-limit-calls>0</rate-limit-calls>
        <rate-limit-millis>0</rate-limit-millis>
        <cb-enabled>true</cb-enabled>
        <cb-calls>3</cb-calls>
        <cb-millis>60000</cb-millis>
    </service-profile>

    <service-profile service-profile-id="StylaVersionProfile">
        <timeout-millis>10000</timeout-millis>
        <rate-limit-enabled>false</rate-limit-enabled>
        <rate-limit-calls>0</rate-limit-calls>
        <rate-limit-millis>0</rate-limit-millis>
        <cb-enabled>true</cb-enabled>
        <cb-calls>3</cb-calls>
        <cb-millis>60000</cb-millis>
    </service-profile>

    <service service-id="StylaSeoContentHttpService">
        <service-type>HTTP</service-type>
        <enabled>true</enabled>
        <log-prefix>styla</log-prefix>
        <comm-log-enabled>false</comm-log-enabled>
        <mock-mode-enabled>false</mock-mode-enabled>
        <profile-id>StylaSeoContentProfile</profile-id>
        <credential-id>StylaSeoContentCredentials</credential-id>
    </service>

    <service service-id="StylaVersionService">
        <service-type>HTTP</service-type>
        <enabled>true</enabled>
        <log-prefix>styla</log-prefix>
        <comm-log-enabled>false</comm-log-enabled>
        <mock-mode-enabled>false</mock-mode-enabled>
        <profile-id>StylaVersionProfile</profile-id>
        <credential-id>StylaVersionCredentials</credential-id>
    </service>

</services>
